id,left,top,right,bottom,NUMSPECIES,pixsum,veg_area_ha
36,1595550.579699999885634,1204470.937500000000000,1605550.579699999885634,1194470.937500000000000,1.000000000000000,7362,662.58
72,1605550.579699999885634,1234470.937500000000000,1615550.579699999885634,1224470.937500000000000,4.000000000000000,16589,1493.01
73,1605550.579699999885634,1224470.937500000000000,1615550.579699999885634,1214470.937500000000000,1.000000000000000,33907,3051.63
75,1605550.579699999885634,1204470.937500000000000,1615550.579699999885634,1194470.937500000000000,2.000000000000000,29047,2614.23
103,1615550.579699999885634,1314470.937500000000000,1625550.579699999885634,1304470.937500000000000,26.000000000000000,25492,2294.28
104,1615550.579699999885634,1304470.937500000000000,1625550.579699999885634,1294470.937500000000000,50.000000000000000,33149,2983.41
105,1615550.579699999885634,1294470.937500000000000,1625550.579699999885634,1284470.937500000000000,6.000000000000000,3992,359.28
108,1615550.579699999885634,1264470.937500000000000,1625550.579699999885634,1254470.937500000000000,6.000000000000000,59440,5349.6
109,1615550.579699999885634,1254470.937500000000000,1625550.579699999885634,1244470.937500000000000,33.000000000000000,50507,4545.63
111,1615550.579699999885634,1234470.937500000000000,1625550.579699999885634,1224470.937500000000000,1.000000000000000,39315,3538.35
116,1615550.579699999885634,1184470.937500000000000,1625550.579699999885634,1174470.937500000000000,8.000000000000000,26708,2403.72
141,1625550.579699999885634,1324470.937500000000000,1635550.579699999885634,1314470.937500000000000,3.000000000000000,17250,1552.5
142,1625550.579699999885634,1314470.937500000000000,1635550.579699999885634,1304470.937500000000000,38.000000000000000,93942,8454.78
143,1625550.579699999885634,1304470.937500000000000,1635550.579699999885634,1294470.937500000000000,9.000000000000000,104283,9385.47
144,1625550.579699999885634,1294470.937500000000000,1635550.579699999885634,1284470.937500000000000,64.000000000000000,60586,5452.74
145,1625550.579699999885634,1284470.937500000000000,1635550.579699999885634,1274470.937500000000000,29.000000000000000,16121,1450.89
146,1625550.579699999885634,1274470.937500000000000,1635550.579699999885634,1264470.937500000000000,50.000000000000000,23121,2080.89
147,1625550.579699999885634,1264470.937500000000000,1635550.579699999885634,1254470.937500000000000,86.000000000000000,80604,7254.36
148,1625550.579699999885634,1254470.937500000000000,1635550.579699999885634,1244470.937500000000000,13.000000000000000,61697,5552.73
149,1625550.579699999885634,1244470.937500000000000,1635550.579699999885634,1234470.937500000000000,10.000000000000000,58539,5268.51
150,1625550.579699999885634,1234470.937500000000000,1635550.579699999885634,1224470.937500000000000,2.000000000000000,59463,5351.67
152,1625550.579699999885634,1214470.937500000000000,1635550.579699999885634,1204470.937500000000000,3.000000000000000,29745,2677.05
153,1625550.579699999885634,1204470.937500000000000,1635550.579699999885634,1194470.937500000000000,1.000000000000000,30493,2744.37
155,1625550.579699999885634,1184470.937500000000000,1635550.579699999885634,1174470.937500000000000,4.000000000000000,27560,2480.4
176,1635550.579699999885634,1364470.937500000000000,1645550.579699999885634,1354470.937500000000000,1.000000000000000,34647,3118.23
177,1635550.579699999885634,1354470.937500000000000,1645550.579699999885634,1344470.937500000000000,1.000000000000000,38209,3438.81
179,1635550.579699999885634,1334470.937500000000000,1645550.579699999885634,1324470.937500000000000,4.000000000000000,40261,3623.49
180,1635550.579699999885634,1324470.937500000000000,1645550.579699999885634,1314470.937500000000000,25.000000000000000,55624,5006.16
181,1635550.579699999885634,1314470.937500000000000,1645550.579699999885634,1304470.937500000000000,64.000000000000000,89573,8061.57
182,1635550.579699999885634,1304470.937500000000000,1645550.579699999885634,1294470.937500000000000,113.000000000000000,68796,6191.64
183,1635550.579699999885634,1294470.937500000000000,1645550.579699999885634,1284470.937500000000000,150.000000000000000,68165,6134.85
184,1635550.579699999885634,1284470.937500000000000,1645550.579699999885634,1274470.937500000000000,88.000000000000000,85771,7719.39
185,1635550.579699999885634,1274470.937500000000000,1645550.579699999885634,1264470.937500000000000,58.000000000000000,57899,5210.91
186,1635550.579699999885634,1264470.937500000000000,1645550.579699999885634,1254470.937500000000000,53.000000000000000,72058,6485.22
187,1635550.579699999885634,1254470.937500000000000,1645550.579699999885634,1244470.937500000000000,4.000000000000000,77176,6945.84
188,1635550.579699999885634,1244470.937500000000000,1645550.579699999885634,1234470.937500000000000,17.000000000000000,66438,5979.42
189,1635550.579699999885634,1234470.937500000000000,1645550.579699999885634,1224470.937500000000000,3.000000000000000,58637,5277.33
206,1645550.579699999885634,1454470.937500000000000,1655550.579699999885634,1444470.937500000000000,3.000000000000000,29770,2679.3
212,1645550.579699999885634,1394470.937500000000000,1655550.579699999885634,1384470.937500000000000,1.000000000000000,38901,3501.09
213,1645550.579699999885634,1384470.937500000000000,1655550.579699999885634,1374470.937500000000000,75.000000000000000,67640,6087.6
214,1645550.579699999885634,1374470.937500000000000,1655550.579699999885634,1364470.937500000000000,89.000000000000000,84899,7640.91
215,1645550.579699999885634,1364470.937500000000000,1655550.579699999885634,1354470.937500000000000,49.000000000000000,82008,7380.72
217,1645550.579699999885634,1344470.937500000000000,1655550.579699999885634,1334470.937500000000000,2.000000000000000,50323,4529.07
218,1645550.579699999885634,1334470.937500000000000,1655550.579699999885634,1324470.937500000000000,74.000000000000000,60957,5486.13
219,1645550.579699999885634,1324470.937500000000000,1655550.579699999885634,1314470.937500000000000,92.000000000000000,71520,6436.8
220,1645550.579699999885634,1314470.937500000000000,1655550.579699999885634,1304470.937500000000000,30.000000000000000,42789,3851.01
221,1645550.579699999885634,1304470.937500000000000,1655550.579699999885634,1294470.937500000000000,38.000000000000000,52121,4690.89
222,1645550.579699999885634,1294470.937500000000000,1655550.579699999885634,1284470.937500000000000,65.000000000000000,85326,7679.34
223,1645550.579699999885634,1284470.937500000000000,1655550.579699999885634,1274470.937500000000000,76.000000000000000,100137,9012.33
224,1645550.579699999885634,1274470.937500000000000,1655550.579699999885634,1264470.937500000000000,13.000000000000000,81659,7349.31
225,1645550.579699999885634,1264470.937500000000000,1655550.579699999885634,1254470.937500000000000,8.000000000000000,72214,6499.26
226,1645550.579699999885634,1254470.937500000000000,1655550.579699999885634,1244470.937500000000000,2.000000000000000,73025,6572.25
242,1655550.579699999885634,1484470.937500000000000,1665550.579699999885634,1474470.937500000000000,1.000000000000000,2834,255.06
243,1655550.579699999885634,1474470.937500000000000,1665550.579699999885634,1464470.937500000000000,8.000000000000000,56234,5061.06
244,1655550.579699999885634,1464470.937500000000000,1665550.579699999885634,1454470.937500000000000,3.000000000000000,57356,5162.04
245,1655550.579699999885634,1454470.937500000000000,1665550.579699999885634,1444470.937500000000000,17.000000000000000,55249,4972.41
246,1655550.579699999885634,1444470.937500000000000,1665550.579699999885634,1434470.937500000000000,112.000000000000000,67594,6083.46
247,1655550.579699999885634,1434470.937500000000000,1665550.579699999885634,1424470.937500000000000,110.000000000000000,67774,6099.66
248,1655550.579699999885634,1424470.937500000000000,1665550.579699999885634,1414470.937500000000000,84.000000000000000,48428,4358.52
249,1655550.579699999885634,1414470.937500000000000,1665550.579699999885634,1404470.937500000000000,18.000000000000000,62404,5616.36
250,1655550.579699999885634,1404470.937500000000000,1665550.579699999885634,1394470.937500000000000,67.000000000000000,62459,5621.31
251,1655550.579699999885634,1394470.937500000000000,1665550.579699999885634,1384470.937500000000000,7.000000000000000,80365,7232.85
252,1655550.579699999885634,1384470.937500000000000,1665550.579699999885634,1374470.937500000000000,142.000000000000000,86548,7789.32
253,1655550.579699999885634,1374470.937500000000000,1665550.579699999885634,1364470.937500000000000,7.000000000000000,68775,6189.75
255,1655550.579699999885634,1354470.937500000000000,1665550.579699999885634,1344470.937500000000000,5.000000000000000,63737,5736.33
256,1655550.579699999885634,1344470.937500000000000,1665550.579699999885634,1334470.937500000000000,2.000000000000000,55814,5023.26
257,1655550.579699999885634,1334470.937500000000000,1665550.579699999885634,1324470.937500000000000,46.000000000000000,63870,5748.3
258,1655550.579699999885634,1324470.937500000000000,1665550.579699999885634,1314470.937500000000000,24.000000000000000,58239,5241.51
259,1655550.579699999885634,1314470.937500000000000,1665550.579699999885634,1304470.937500000000000,1.000000000000000,58011,5220.99
260,1655550.579699999885634,1304470.937500000000000,1665550.579699999885634,1294470.937500000000000,7.000000000000000,62397,5615.73
261,1655550.579699999885634,1294470.937500000000000,1665550.579699999885634,1284470.937500000000000,3.000000000000000,57837,5205.33
262,1655550.579699999885634,1284470.937500000000000,1665550.579699999885634,1274470.937500000000000,17.000000000000000,63845,5746.05
263,1655550.579699999885634,1274470.937500000000000,1665550.579699999885634,1264470.937500000000000,18.000000000000000,61906,5571.54
264,1655550.579699999885634,1264470.937500000000000,1665550.579699999885634,1254470.937500000000000,3.000000000000000,54460,4901.4
265,1655550.579699999885634,1254470.937500000000000,1665550.579699999885634,1244470.937500000000000,2.000000000000000,47250,4252.5
267,1655550.579699999885634,1234470.937500000000000,1665550.579699999885634,1224470.937500000000000,10.000000000000000,39940,3594.6
268,1655550.579699999885634,1224470.937500000000000,1665550.579699999885634,1214470.937500000000000,1.000000000000000,43639,3927.51
269,1655550.579699999885634,1214470.937500000000000,1665550.579699999885634,1204470.937500000000000,1.000000000000000,45494,4094.46
280,1665550.579699999885634,1494470.937500000000000,1675550.579699999885634,1484470.937500000000000,30.000000000000000,34280,3085.2
281,1665550.579699999885634,1484470.937500000000000,1675550.579699999885634,1474470.937500000000000,21.000000000000000,83362,7502.58
282,1665550.579699999885634,1474470.937500000000000,1675550.579699999885634,1464470.937500000000000,35.000000000000000,53144,4782.96
284,1665550.579699999885634,1454470.937500000000000,1675550.579699999885634,1444470.937500000000000,1.000000000000000,61719,5554.71
285,1665550.579699999885634,1444470.937500000000000,1675550.579699999885634,1434470.937500000000000,11.000000000000000,76928,6923.52
286,1665550.579699999885634,1434470.937500000000000,1675550.579699999885634,1424470.937500000000000,8.000000000000000,62176,5595.84
287,1665550.579699999885634,1424470.937500000000000,1675550.579699999885634,1414470.937500000000000,2.000000000000000,59604,5364.36
288,1665550.579699999885634,1414470.937500000000000,1675550.579699999885634,1404470.937500000000000,32.000000000000000,59646,5368.14
289,1665550.579699999885634,1404470.937500000000000,1675550.579699999885634,1394470.937500000000000,48.000000000000000,43265,3893.85
290,1665550.579699999885634,1394470.937500000000000,1675550.579699999885634,1384470.937500000000000,71.000000000000000,53876,4848.84
291,1665550.579699999885634,1384470.937500000000000,1675550.579699999885634,1374470.937500000000000,12.000000000000000,63037,5673.33
292,1665550.579699999885634,1374470.937500000000000,1675550.579699999885634,1364470.937500000000000,1.000000000000000,65409,5886.81
293,1665550.579699999885634,1364470.937500000000000,1675550.579699999885634,1354470.937500000000000,2.000000000000000,76008,6840.72
294,1665550.579699999885634,1354470.937500000000000,1675550.579699999885634,1344470.937500000000000,23.000000000000000,35318,3178.62
295,1665550.579699999885634,1344470.937500000000000,1675550.579699999885634,1334470.937500000000000,2.000000000000000,60796,5471.64
296,1665550.579699999885634,1334470.937500000000000,1675550.579699999885634,1324470.937500000000000,3.000000000000000,46870,4218.3
298,1665550.579699999885634,1314470.937500000000000,1675550.579699999885634,1304470.937500000000000,26.000000000000000,52021,4681.89
300,1665550.579699999885634,1294470.937500000000000,1675550.579699999885634,1284470.937500000000000,1.000000000000000,54084,4867.56
301,1665550.579699999885634,1284470.937500000000000,1675550.579699999885634,1274470.937500000000000,3.000000000000000,39750,3577.5
302,1665550.579699999885634,1274470.937500000000000,1675550.579699999885634,1264470.937500000000000,33.000000000000000,37629,3386.61
303,1665550.579699999885634,1264470.937500000000000,1675550.579699999885634,1254470.937500000000000,1.000000000000000,44100,3969
311,1665550.579699999885634,1184470.937500000000000,1675550.579699999885634,1174470.937500000000000,6.000000000000000,21475,1932.75
318,1675550.579699999885634,1504470.937500000000000,1685550.579699999885634,1494470.937500000000000,1.000000000000000,30057,2705.13
319,1675550.579699999885634,1494470.937500000000000,1685550.579699999885634,1484470.937500000000000,28.000000000000000,88734,7986.06
320,1675550.579699999885634,1484470.937500000000000,1685550.579699999885634,1474470.937500000000000,12.000000000000000,48311,4347.99
321,1675550.579699999885634,1474470.937500000000000,1685550.579699999885634,1464470.937500000000000,1.000000000000000,46735,4206.15
322,1675550.579699999885634,1464470.937500000000000,1685550.579699999885634,1454470.937500000000000,1.000000000000000,43459,3911.31
326,1675550.579699999885634,1424470.937500000000000,1685550.579699999885634,1414470.937500000000000,73.000000000000000,74392,6695.28
327,1675550.579699999885634,1414470.937500000000000,1685550.579699999885634,1404470.937500000000000,3.000000000000000,59204,5328.36
328,1675550.579699999885634,1404470.937500000000000,1685550.579699999885634,1394470.937500000000000,36.000000000000000,49027,4412.43
329,1675550.579699999885634,1394470.937500000000000,1685550.579699999885634,1384470.937500000000000,5.000000000000000,35213,3169.17
331,1675550.579699999885634,1374470.937500000000000,1685550.579699999885634,1364470.937500000000000,1.000000000000000,41074,3696.66
335,1675550.579699999885634,1334470.937500000000000,1685550.579699999885634,1324470.937500000000000,2.000000000000000,75575,6801.75
336,1675550.579699999885634,1324470.937500000000000,1685550.579699999885634,1314470.937500000000000,2.000000000000000,77512,6976.08
337,1675550.579699999885634,1314470.937500000000000,1685550.579699999885634,1304470.937500000000000,2.000000000000000,42390,3815.1
338,1675550.579699999885634,1304470.937500000000000,1685550.579699999885634,1294470.937500000000000,2.000000000000000,41164,3704.76
341,1675550.579699999885634,1274470.937500000000000,1685550.579699999885634,1264470.937500000000000,12.000000000000000,26936,2424.24
342,1675550.579699999885634,1264470.937500000000000,1685550.579699999885634,1254470.937500000000000,1.000000000000000,35708,3213.72
343,1675550.579699999885634,1254470.937500000000000,1685550.579699999885634,1244470.937500000000000,4.000000000000000,38277,3444.93
344,1675550.579699999885634,1244470.937500000000000,1685550.579699999885634,1234470.937500000000000,10.000000000000000,49865,4487.85
345,1675550.579699999885634,1234470.937500000000000,1685550.579699999885634,1224470.937500000000000,1.000000000000000,51719,4654.71
346,1675550.579699999885634,1224470.937500000000000,1685550.579699999885634,1214470.937500000000000,10.000000000000000,37831,3404.79
347,1675550.579699999885634,1214470.937500000000000,1685550.579699999885634,1204470.937500000000000,4.000000000000000,38462,3461.58
348,1675550.579699999885634,1204470.937500000000000,1685550.579699999885634,1194470.937500000000000,2.000000000000000,28548,2569.32
349,1675550.579699999885634,1194470.937500000000000,1685550.579699999885634,1184470.937500000000000,2.000000000000000,15198,1367.82
356,1685550.579699999885634,1514470.937500000000000,1695550.579699999885634,1504470.937500000000000,6.000000000000000,18630,1676.7
357,1685550.579699999885634,1504470.937500000000000,1695550.579699999885634,1494470.937500000000000,1.000000000000000,57558,5180.22
358,1685550.579699999885634,1494470.937500000000000,1695550.579699999885634,1484470.937500000000000,1.000000000000000,56344,5070.96
361,1685550.579699999885634,1464470.937500000000000,1695550.579699999885634,1454470.937500000000000,1.000000000000000,70278,6325.02
365,1685550.579699999885634,1424470.937500000000000,1695550.579699999885634,1414470.937500000000000,2.000000000000000,79038,7113.42
366,1685550.579699999885634,1414470.937500000000000,1695550.579699999885634,1404470.937500000000000,4.000000000000000,65929,5933.61
368,1685550.579699999885634,1394470.937500000000000,1695550.579699999885634,1384470.937500000000000,2.000000000000000,52687,4741.83
369,1685550.579699999885634,1384470.937500000000000,1695550.579699999885634,1374470.937500000000000,2.000000000000000,52842,4755.78
370,1685550.579699999885634,1374470.937500000000000,1695550.579699999885634,1364470.937500000000000,2.000000000000000,50036,4503.24
371,1685550.579699999885634,1364470.937500000000000,1695550.579699999885634,1354470.937500000000000,1.000000000000000,78996,7109.64
374,1685550.579699999885634,1334470.937500000000000,1695550.579699999885634,1324470.937500000000000,1.000000000000000,41231,3710.79
375,1685550.579699999885634,1324470.937500000000000,1695550.579699999885634,1314470.937500000000000,1.000000000000000,38281,3445.29
377,1685550.579699999885634,1304470.937500000000000,1695550.579699999885634,1294470.937500000000000,3.000000000000000,38661,3479.49
378,1685550.579699999885634,1294470.937500000000000,1695550.579699999885634,1284470.937500000000000,1.000000000000000,36965,3326.85
379,1685550.579699999885634,1284470.937500000000000,1695550.579699999885634,1274470.937500000000000,1.000000000000000,36577,3291.93
380,1685550.579699999885634,1274470.937500000000000,1695550.579699999885634,1264470.937500000000000,11.000000000000000,33859,3047.31
381,1685550.579699999885634,1264470.937500000000000,1695550.579699999885634,1254470.937500000000000,9.000000000000000,35006,3150.54
382,1685550.579699999885634,1254470.937500000000000,1695550.579699999885634,1244470.937500000000000,7.000000000000000,33438,3009.42
383,1685550.579699999885634,1244470.937500000000000,1695550.579699999885634,1234470.937500000000000,1.000000000000000,43965,3956.85
384,1685550.579699999885634,1234470.937500000000000,1695550.579699999885634,1224470.937500000000000,2.000000000000000,40312,3628.08
385,1685550.579699999885634,1224470.937500000000000,1695550.579699999885634,1214470.937500000000000,84.000000000000000,32273,2904.57
386,1685550.579699999885634,1214470.937500000000000,1695550.579699999885634,1204470.937500000000000,100.000000000000000,38677,3480.93
394,1695550.579699999885634,1524470.937500000000000,1705550.579699999885634,1514470.937500000000000,7.000000000000000,51821,4663.89
403,1695550.579699999885634,1434470.937500000000000,1705550.579699999885634,1424470.937500000000000,1.000000000000000,58569,5271.21
404,1695550.579699999885634,1424470.937500000000000,1705550.579699999885634,1414470.937500000000000,56.000000000000000,65085,5857.65
406,1695550.579699999885634,1404470.937500000000000,1705550.579699999885634,1394470.937500000000000,1.000000000000000,62966,5666.94
407,1695550.579699999885634,1394470.937500000000000,1705550.579699999885634,1384470.937500000000000,2.000000000000000,62689,5642.01
408,1695550.579699999885634,1384470.937500000000000,1705550.579699999885634,1374470.937500000000000,3.000000000000000,79987,7198.83
410,1695550.579699999885634,1364470.937500000000000,1705550.579699999885634,1354470.937500000000000,2.000000000000000,70090,6308.1
414,1695550.579699999885634,1324470.937500000000000,1705550.579699999885634,1314470.937500000000000,2.000000000000000,51303,4617.27
415,1695550.579699999885634,1314470.937500000000000,1705550.579699999885634,1304470.937500000000000,1.000000000000000,40557,3650.13
418,1695550.579699999885634,1284470.937500000000000,1705550.579699999885634,1274470.937500000000000,12.000000000000000,24318,2188.62
419,1695550.579699999885634,1274470.937500000000000,1705550.579699999885634,1264470.937500000000000,11.000000000000000,23419,2107.71
420,1695550.579699999885634,1264470.937500000000000,1705550.579699999885634,1254470.937500000000000,1.000000000000000,22007,1980.63
424,1695550.579699999885634,1224470.937500000000000,1705550.579699999885634,1214470.937500000000000,8.000000000000000,23944,2154.96
425,1695550.579699999885634,1214470.937500000000000,1705550.579699999885634,1204470.937500000000000,6.000000000000000,27449,2470.41
426,1695550.579699999885634,1204470.937500000000000,1705550.579699999885634,1194470.937500000000000,1.000000000000000,6912,622.08
433,1705550.579699999885634,1524470.937500000000000,1715550.579699999885634,1514470.937500000000000,21.000000000000000,77098,6938.82
434,1705550.579699999885634,1514470.937500000000000,1715550.579699999885634,1504470.937500000000000,1.000000000000000,80543,7248.87
435,1705550.579699999885634,1504470.937500000000000,1715550.579699999885634,1494470.937500000000000,13.000000000000000,69214,6229.26
442,1705550.579699999885634,1434470.937500000000000,1715550.579699999885634,1424470.937500000000000,3.000000000000000,64750,5827.5
444,1705550.579699999885634,1414470.937500000000000,1715550.579699999885634,1404470.937500000000000,7.000000000000000,50267,4524.03
452,1705550.579699999885634,1334470.937500000000000,1715550.579699999885634,1324470.937500000000000,9.000000000000000,57322,5158.98
453,1705550.579699999885634,1324470.937500000000000,1715550.579699999885634,1314470.937500000000000,6.000000000000000,44860,4037.4
454,1705550.579699999885634,1314470.937500000000000,1715550.579699999885634,1304470.937500000000000,1.000000000000000,35308,3177.72
455,1705550.579699999885634,1304470.937500000000000,1715550.579699999885634,1294470.937500000000000,15.000000000000000,22268,2004.12
456,1705550.579699999885634,1294470.937500000000000,1715550.579699999885634,1284470.937500000000000,5.000000000000000,20136,1812.24
458,1705550.579699999885634,1274470.937500000000000,1715550.579699999885634,1264470.937500000000000,1.000000000000000,18457,1661.13
463,1705550.579699999885634,1224470.937500000000000,1715550.579699999885634,1214470.937500000000000,3.000000000000000,28611,2574.99
477,1715550.579699999885634,1474470.937500000000000,1725550.579699999885634,1464470.937500000000000,2.000000000000000,47804,4302.36
480,1715550.579699999885634,1444470.937500000000000,1725550.579699999885634,1434470.937500000000000,1.000000000000000,52537,4728.33
485,1715550.579699999885634,1394470.937500000000000,1725550.579699999885634,1384470.937500000000000,1.000000000000000,66863,6017.67
486,1715550.579699999885634,1384470.937500000000000,1725550.579699999885634,1374470.937500000000000,2.000000000000000,63589,5723.01
490,1715550.579699999885634,1344470.937500000000000,1725550.579699999885634,1334470.937500000000000,4.000000000000000,70429,6338.61
491,1715550.579699999885634,1334470.937500000000000,1725550.579699999885634,1324470.937500000000000,8.000000000000000,60900,5481
492,1715550.579699999885634,1324470.937500000000000,1725550.579699999885634,1314470.937500000000000,5.000000000000000,53251,4792.59
494,1715550.579699999885634,1304470.937500000000000,1725550.579699999885634,1294470.937500000000000,4.000000000000000,34888,3139.92
499,1715550.579699999885634,1254470.937500000000000,1725550.579699999885634,1244470.937500000000000,2.000000000000000,36459,3281.31
502,1715550.579699999885634,1224470.937500000000000,1725550.579699999885634,1214470.937500000000000,1.000000000000000,30883,2779.47
503,1715550.579699999885634,1214470.937500000000000,1725550.579699999885634,1204470.937500000000000,1.000000000000000,27897,2510.73
504,1715550.579699999885634,1204470.937500000000000,1725550.579699999885634,1194470.937500000000000,2.000000000000000,30063,2705.67
512,1725550.579699999885634,1514470.937500000000000,1735550.579699999885634,1504470.937500000000000,3.000000000000000,56539,5088.51
514,1725550.579699999885634,1494470.937500000000000,1735550.579699999885634,1484470.937500000000000,3.000000000000000,53221,4789.89
516,1725550.579699999885634,1474470.937500000000000,1735550.579699999885634,1464470.937500000000000,4.000000000000000,43450,3910.5
520,1725550.579699999885634,1434470.937500000000000,1735550.579699999885634,1424470.937500000000000,1.000000000000000,63034,5673.06
522,1725550.579699999885634,1414470.937500000000000,1735550.579699999885634,1404470.937500000000000,4.000000000000000,53969,4857.21
523,1725550.579699999885634,1404470.937500000000000,1735550.579699999885634,1394470.937500000000000,1.000000000000000,39642,3567.78
526,1725550.579699999885634,1374470.937500000000000,1735550.579699999885634,1364470.937500000000000,4.000000000000000,63643,5727.87
527,1725550.579699999885634,1364470.937500000000000,1735550.579699999885634,1354470.937500000000000,12.000000000000000,59540,5358.6
528,1725550.579699999885634,1354470.937500000000000,1735550.579699999885634,1344470.937500000000000,4.000000000000000,46321,4168.89
529,1725550.579699999885634,1344470.937500000000000,1735550.579699999885634,1334470.937500000000000,22.000000000000000,71834,6465.06
530,1725550.579699999885634,1334470.937500000000000,1735550.579699999885634,1324470.937500000000000,109.000000000000000,83594,7523.46
531,1725550.579699999885634,1324470.937500000000000,1735550.579699999885634,1314470.937500000000000,32.000000000000000,75101,6759.09
532,1725550.579699999885634,1314470.937500000000000,1735550.579699999885634,1304470.937500000000000,10.000000000000000,41605,3744.45
535,1725550.579699999885634,1284470.937500000000000,1735550.579699999885634,1274470.937500000000000,2.000000000000000,24337,2190.33
536,1725550.579699999885634,1274470.937500000000000,1735550.579699999885634,1264470.937500000000000,8.000000000000000,23475,2112.75
538,1725550.579699999885634,1254470.937500000000000,1735550.579699999885634,1244470.937500000000000,1.000000000000000,32606,2934.54
541,1725550.579699999885634,1224470.937500000000000,1735550.579699999885634,1214470.937500000000000,95.000000000000000,44228,3980.52
542,1725550.579699999885634,1214470.937500000000000,1735550.579699999885634,1204470.937500000000000,20.000000000000000,33006,2970.54
543,1725550.579699999885634,1204470.937500000000000,1735550.579699999885634,1194470.937500000000000,2.000000000000000,11274,1014.66
552,1735550.579699999885634,1504470.937500000000000,1745550.579699999885634,1494470.937500000000000,1.000000000000000,56022,5041.98
554,1735550.579699999885634,1484470.937500000000000,1745550.579699999885634,1474470.937500000000000,1.000000000000000,46601,4194.09
563,1735550.579699999885634,1394470.937500000000000,1745550.579699999885634,1384470.937500000000000,24.000000000000000,45476,4092.84
564,1735550.579699999885634,1384470.937500000000000,1745550.579699999885634,1374470.937500000000000,1.000000000000000,58737,5286.33
565,1735550.579699999885634,1374470.937500000000000,1745550.579699999885634,1364470.937500000000000,5.000000000000000,45618,4105.62
566,1735550.579699999885634,1364470.937500000000000,1745550.579699999885634,1354470.937500000000000,4.000000000000000,30469,2742.21
567,1735550.579699999885634,1354470.937500000000000,1745550.579699999885634,1344470.937500000000000,37.000000000000000,98298,8846.82
568,1735550.579699999885634,1344470.937500000000000,1745550.579699999885634,1334470.937500000000000,59.000000000000000,109659,9869.31
569,1735550.579699999885634,1334470.937500000000000,1745550.579699999885634,1324470.937500000000000,67.000000000000000,100420,9037.8
570,1735550.579699999885634,1324470.937500000000000,1745550.579699999885634,1314470.937500000000000,51.000000000000000,73073,6576.57
571,1735550.579699999885634,1314470.937500000000000,1745550.579699999885634,1304470.937500000000000,2.000000000000000,30738,2766.42
573,1735550.579699999885634,1294470.937500000000000,1745550.579699999885634,1284470.937500000000000,2.000000000000000,8226,740.34
575,1735550.579699999885634,1274470.937500000000000,1745550.579699999885634,1264470.937500000000000,5.000000000000000,30426,2738.34
576,1735550.579699999885634,1264470.937500000000000,1745550.579699999885634,1254470.937500000000000,1.000000000000000,28585,2572.65
579,1735550.579699999885634,1234470.937500000000000,1745550.579699999885634,1224470.937500000000000,8.000000000000000,48853,4396.77
580,1735550.579699999885634,1224470.937500000000000,1745550.579699999885634,1214470.937500000000000,4.000000000000000,15186,1366.74
593,1745550.579699999885634,1484470.937500000000000,1755550.579699999885634,1474470.937500000000000,1.000000000000000,56735,5106.15
599,1745550.579699999885634,1424470.937500000000000,1755550.579699999885634,1414470.937500000000000,18.000000000000000,53373,4803.57
600,1745550.579699999885634,1414470.937500000000000,1755550.579699999885634,1404470.937500000000000,1.000000000000000,47405,4266.45
601,1745550.579699999885634,1404470.937500000000000,1755550.579699999885634,1394470.937500000000000,1.000000000000000,49548,4459.32
604,1745550.579699999885634,1374470.937500000000000,1755550.579699999885634,1364470.937500000000000,10.000000000000000,76291,6866.19
605,1745550.579699999885634,1364470.937500000000000,1755550.579699999885634,1354470.937500000000000,5.000000000000000,52854,4756.86
606,1745550.579699999885634,1354470.937500000000000,1755550.579699999885634,1344470.937500000000000,21.000000000000000,54804,4932.36
607,1745550.579699999885634,1344470.937500000000000,1755550.579699999885634,1334470.937500000000000,18.000000000000000,46985,4228.65
608,1745550.579699999885634,1334470.937500000000000,1755550.579699999885634,1324470.937500000000000,14.000000000000000,40039,3603.51
609,1745550.579699999885634,1324470.937500000000000,1755550.579699999885634,1314470.937500000000000,2.000000000000000,31653,2848.77
611,1745550.579699999885634,1304470.937500000000000,1755550.579699999885634,1294470.937500000000000,1.000000000000000,25183,2266.47
616,1745550.579699999885634,1254470.937500000000000,1755550.579699999885634,1244470.937500000000000,3.000000000000000,19998,1799.82
627,1755550.579699999885634,1534470.937500000000000,1765550.579699999885634,1524470.937500000000000,1.000000000000000,45775,4119.75
628,1755550.579699999885634,1524470.937500000000000,1765550.579699999885634,1514470.937500000000000,1.000000000000000,50341,4530.69
633,1755550.579699999885634,1474470.937500000000000,1765550.579699999885634,1464470.937500000000000,1.000000000000000,55865,5027.85
640,1755550.579699999885634,1404470.937500000000000,1765550.579699999885634,1394470.937500000000000,2.000000000000000,48803,4392.27
642,1755550.579699999885634,1384470.937500000000000,1765550.579699999885634,1374470.937500000000000,2.000000000000000,53307,4797.63
643,1755550.579699999885634,1374470.937500000000000,1765550.579699999885634,1364470.937500000000000,14.000000000000000,47924,4313.16
651,1755550.579699999885634,1294470.937500000000000,1765550.579699999885634,1284470.937500000000000,2.000000000000000,28139,2532.51
655,1755550.579699999885634,1254470.937500000000000,1765550.579699999885634,1244470.937500000000000,1.000000000000000,30629,2756.61
670,1765550.579699999885634,1494470.937500000000000,1775550.579699999885634,1484470.937500000000000,2.000000000000000,41971,3777.39
673,1765550.579699999885634,1464470.937500000000000,1775550.579699999885634,1454470.937500000000000,2.000000000000000,49742,4476.78
675,1765550.579699999885634,1444470.937500000000000,1775550.579699999885634,1434470.937500000000000,2.000000000000000,38832,3494.88
676,1765550.579699999885634,1434470.937500000000000,1775550.579699999885634,1424470.937500000000000,4.000000000000000,33118,2980.62
678,1765550.579699999885634,1414470.937500000000000,1775550.579699999885634,1404470.937500000000000,1.000000000000000,57970,5217.3
679,1765550.579699999885634,1404470.937500000000000,1775550.579699999885634,1394470.937500000000000,1.000000000000000,43076,3876.84
680,1765550.579699999885634,1394470.937500000000000,1775550.579699999885634,1384470.937500000000000,1.000000000000000,32845,2956.05
681,1765550.579699999885634,1384470.937500000000000,1775550.579699999885634,1374470.937500000000000,1.000000000000000,25426,2288.34
683,1765550.579699999885634,1364470.937500000000000,1775550.579699999885634,1354470.937500000000000,1.000000000000000,25550,2299.5
685,1765550.579699999885634,1344470.937500000000000,1775550.579699999885634,1334470.937500000000000,1.000000000000000,20653,1858.77
689,1765550.579699999885634,1304470.937500000000000,1775550.579699999885634,1294470.937500000000000,3.000000000000000,30623,2756.07
691,1765550.579699999885634,1284470.937500000000000,1775550.579699999885634,1274470.937500000000000,3.000000000000000,49498,4454.82
692,1765550.579699999885634,1274470.937500000000000,1775550.579699999885634,1264470.937500000000000,3.000000000000000,41816,3763.44
705,1775550.579699999885634,1534470.937500000000000,1785550.579699999885634,1524470.937500000000000,3.000000000000000,49791,4481.19
706,1775550.579699999885634,1524470.937500000000000,1785550.579699999885634,1514470.937500000000000,1.000000000000000,52274,4704.66
707,1775550.579699999885634,1514470.937500000000000,1785550.579699999885634,1504470.937500000000000,1.000000000000000,63046,5674.14
710,1775550.579699999885634,1484470.937500000000000,1785550.579699999885634,1474470.937500000000000,1.000000000000000,38583,3472.47
711,1775550.579699999885634,1474470.937500000000000,1785550.579699999885634,1464470.937500000000000,1.000000000000000,32795,2951.55
712,1775550.579699999885634,1464470.937500000000000,1785550.579699999885634,1454470.937500000000000,1.000000000000000,54429,4898.61
713,1775550.579699999885634,1454470.937500000000000,1785550.579699999885634,1444470.937500000000000,1.000000000000000,54436,4899.24
715,1775550.579699999885634,1434470.937500000000000,1785550.579699999885634,1424470.937500000000000,1.000000000000000,45016,4051.44
719,1775550.579699999885634,1394470.937500000000000,1785550.579699999885634,1384470.937500000000000,3.000000000000000,14836,1335.24
722,1775550.579699999885634,1364470.937500000000000,1785550.579699999885634,1354470.937500000000000,1.000000000000000,19306,1737.54
726,1775550.579699999885634,1324470.937500000000000,1785550.579699999885634,1314470.937500000000000,35.000000000000000,22553,2029.77
727,1775550.579699999885634,1314470.937500000000000,1785550.579699999885634,1304470.937500000000000,3.000000000000000,31901,2871.09
729,1775550.579699999885634,1294470.937500000000000,1785550.579699999885634,1284470.937500000000000,16.000000000000000,60316,5428.44
730,1775550.579699999885634,1284470.937500000000000,1785550.579699999885634,1274470.937500000000000,1.000000000000000,47629,4286.61
731,1775550.579699999885634,1274470.937500000000000,1785550.579699999885634,1264470.937500000000000,1.000000000000000,42266,3803.94
732,1775550.579699999885634,1264470.937500000000000,1785550.579699999885634,1254470.937500000000000,9.000000000000000,28514,2566.26
733,1775550.579699999885634,1254470.937500000000000,1785550.579699999885634,1244470.937500000000000,1.000000000000000,48106,4329.54
734,1775550.579699999885634,1244470.937500000000000,1785550.579699999885634,1234470.937500000000000,5.000000000000000,47304,4257.36
749,1785550.579699999885634,1484470.937500000000000,1795550.579699999885634,1474470.937500000000000,1.000000000000000,30672,2760.48
751,1785550.579699999885634,1464470.937500000000000,1795550.579699999885634,1454470.937500000000000,1.000000000000000,40951,3685.59
753,1785550.579699999885634,1444470.937500000000000,1795550.579699999885634,1434470.937500000000000,1.000000000000000,45303,4077.27
754,1785550.579699999885634,1434470.937500000000000,1795550.579699999885634,1424470.937500000000000,1.000000000000000,39784,3580.56
756,1785550.579699999885634,1414470.937500000000000,1795550.579699999885634,1404470.937500000000000,6.000000000000000,14573,1311.57
758,1785550.579699999885634,1394470.937500000000000,1795550.579699999885634,1384470.937500000000000,1.000000000000000,13302,1197.18
760,1785550.579699999885634,1374470.937500000000000,1795550.579699999885634,1364470.937500000000000,1.000000000000000,18850,1696.5
763,1785550.579699999885634,1344470.937500000000000,1795550.579699999885634,1334470.937500000000000,28.000000000000000,32122,2890.98
767,1785550.579699999885634,1304470.937500000000000,1795550.579699999885634,1294470.937500000000000,2.000000000000000,41641,3747.69
768,1785550.579699999885634,1294470.937500000000000,1795550.579699999885634,1284470.937500000000000,1.000000000000000,40721,3664.89
769,1785550.579699999885634,1284470.937500000000000,1795550.579699999885634,1274470.937500000000000,1.000000000000000,32714,2944.26
772,1785550.579699999885634,1254470.937500000000000,1795550.579699999885634,1244470.937500000000000,2.000000000000000,41551,3739.59
773,1785550.579699999885634,1244470.937500000000000,1795550.579699999885634,1234470.937500000000000,5.000000000000000,21869,1968.21
781,1795550.579699999885634,1554470.937500000000000,1805550.579699999885634,1544470.937500000000000,4.000000000000000,50464,4541.76
794,1795550.579699999885634,1424470.937500000000000,1805550.579699999885634,1414470.937500000000000,1.000000000000000,11343,1020.87
795,1795550.579699999885634,1414470.937500000000000,1805550.579699999885634,1404470.937500000000000,3.000000000000000,7298,656.82
801,1795550.579699999885634,1354470.937500000000000,1805550.579699999885634,1344470.937500000000000,2.000000000000000,33296,2996.64
803,1795550.579699999885634,1334470.937500000000000,1805550.579699999885634,1324470.937500000000000,1.000000000000000,27384,2464.56
811,1795550.579699999885634,1254470.937500000000000,1805550.579699999885634,1244470.937500000000000,4.000000000000000,51965,4676.85
812,1795550.579699999885634,1244470.937500000000000,1805550.579699999885634,1234470.937500000000000,18.000000000000000,4081,367.29
829,1805550.579699999885634,1464470.937500000000000,1815550.579699999885634,1454470.937500000000000,3.000000000000000,18072,1626.48
833,1805550.579699999885634,1424470.937500000000000,1815550.579699999885634,1414470.937500000000000,3.000000000000000,24624,2216.16
836,1805550.579699999885634,1394470.937500000000000,1815550.579699999885634,1384470.937500000000000,1.000000000000000,28847,2596.23
842,1805550.579699999885634,1334470.937500000000000,1815550.579699999885634,1324470.937500000000000,48.000000000000000,41604,3744.36
843,1805550.579699999885634,1324470.937500000000000,1815550.579699999885634,1314470.937500000000000,33.000000000000000,43020,3871.8
844,1805550.579699999885634,1314470.937500000000000,1815550.579699999885634,1304470.937500000000000,47.000000000000000,27893,2510.37
846,1805550.579699999885634,1294470.937500000000000,1815550.579699999885634,1284470.937500000000000,2.000000000000000,26192,2357.28
848,1805550.579699999885634,1274470.937500000000000,1815550.579699999885634,1264470.937500000000000,1.000000000000000,49335,4440.15
860,1815550.579699999885634,1544470.937500000000000,1825550.579699999885634,1534470.937500000000000,1.000000000000000,57628,5186.52
865,1815550.579699999885634,1494470.937500000000000,1825550.579699999885634,1484470.937500000000000,1.000000000000000,14494,1304.46
872,1815550.579699999885634,1424470.937500000000000,1825550.579699999885634,1414470.937500000000000,3.000000000000000,14884,1339.56
878,1815550.579699999885634,1364470.937500000000000,1825550.579699999885634,1354470.937500000000000,1.000000000000000,24398,2195.82
880,1815550.579699999885634,1344470.937500000000000,1825550.579699999885634,1334470.937500000000000,2.000000000000000,17726,1595.34
881,1815550.579699999885634,1334470.937500000000000,1825550.579699999885634,1324470.937500000000000,8.000000000000000,36838,3315.42
883,1815550.579699999885634,1314470.937500000000000,1825550.579699999885634,1304470.937500000000000,2.000000000000000,22180,1996.2
885,1815550.579699999885634,1294470.937500000000000,1825550.579699999885634,1284470.937500000000000,1.000000000000000,22205,1998.45
887,1815550.579699999885634,1274470.937500000000000,1825550.579699999885634,1264470.937500000000000,2.000000000000000,26756,2408.04
906,1825550.579699999885634,1474470.937500000000000,1835550.579699999885634,1464470.937500000000000,1.000000000000000,16417,1477.53
911,1825550.579699999885634,1424470.937500000000000,1835550.579699999885634,1414470.937500000000000,2.000000000000000,13564,1220.76
917,1825550.579699999885634,1364470.937500000000000,1835550.579699999885634,1354470.937500000000000,3.000000000000000,27854,2506.86
918,1825550.579699999885634,1354470.937500000000000,1835550.579699999885634,1344470.937500000000000,2.000000000000000,26406,2376.54
919,1825550.579699999885634,1344470.937500000000000,1835550.579699999885634,1334470.937500000000000,1.000000000000000,21644,1947.96
923,1825550.579699999885634,1304470.937500000000000,1835550.579699999885634,1294470.937500000000000,1.000000000000000,22205,1998.45
943,1835550.579699999885634,1494470.937500000000000,1845550.579699999885634,1484470.937500000000000,3.000000000000000,35102,3159.18
944,1835550.579699999885634,1484470.937500000000000,1845550.579699999885634,1474470.937500000000000,1.000000000000000,28824,2594.16
951,1835550.579699999885634,1414470.937500000000000,1845550.579699999885634,1404470.937500000000000,2.000000000000000,3813,343.17
953,1835550.579699999885634,1394470.937500000000000,1845550.579699999885634,1384470.937500000000000,2.000000000000000,8479,763.11
955,1835550.579699999885634,1374470.937500000000000,1845550.579699999885634,1364470.937500000000000,8.000000000000000,26789,2411.01
956,1835550.579699999885634,1364470.937500000000000,1845550.579699999885634,1354470.937500000000000,3.000000000000000,40818,3673.62
958,1835550.579699999885634,1344470.937500000000000,1845550.579699999885634,1334470.937500000000000,4.000000000000000,16899,1520.91
963,1835550.579699999885634,1294470.937500000000000,1845550.579699999885634,1284470.937500000000000,2.000000000000000,31734,2856.06
964,1835550.579699999885634,1284470.937500000000000,1845550.579699999885634,1274470.937500000000000,1.000000000000000,25731,2315.79
965,1835550.579699999885634,1274470.937500000000000,1845550.579699999885634,1264470.937500000000000,4.000000000000000,32999,2969.91
979,1845550.579699999885634,1524470.937500000000000,1855550.579699999885634,1514470.937500000000000,1.000000000000000,44549,4009.41
982,1845550.579699999885634,1494470.937500000000000,1855550.579699999885634,1484470.937500000000000,2.000000000000000,40671,3660.39
993,1845550.579699999885634,1384470.937500000000000,1855550.579699999885634,1374470.937500000000000,1.000000000000000,11662,1049.58
995,1845550.579699999885634,1364470.937500000000000,1855550.579699999885634,1354470.937500000000000,1.000000000000000,26030,2342.7
996,1845550.579699999885634,1354470.937500000000000,1855550.579699999885634,1344470.937500000000000,4.000000000000000,44815,4033.35
1005,1845550.579699999885634,1264470.937500000000000,1855550.579699999885634,1254470.937500000000000,3.000000000000000,39204,3528.36
1027,1855550.579699999885634,1434470.937500000000000,1865550.579699999885634,1424470.937500000000000,4.000000000000000,14032,1262.88
1032,1855550.579699999885634,1384470.937500000000000,1865550.579699999885634,1374470.937500000000000,7.000000000000000,11594,1043.46
1033,1855550.579699999885634,1374470.937500000000000,1865550.579699999885634,1364470.937500000000000,32.000000000000000,51418,4627.62
1034,1855550.579699999885634,1364470.937500000000000,1865550.579699999885634,1354470.937500000000000,1.000000000000000,40848,3676.32
1035,1855550.579699999885634,1354470.937500000000000,1865550.579699999885634,1344470.937500000000000,2.000000000000000,35259,3173.31
1036,1855550.579699999885634,1344470.937500000000000,1865550.579699999885634,1334470.937500000000000,2.000000000000000,26056,2345.04
1038,1855550.579699999885634,1324470.937500000000000,1865550.579699999885634,1314470.937500000000000,2.000000000000000,6423,578.07
1042,1855550.579699999885634,1284470.937500000000000,1865550.579699999885634,1274470.937500000000000,1.000000000000000,31793,2861.37
1043,1855550.579699999885634,1274470.937500000000000,1865550.579699999885634,1264470.937500000000000,4.000000000000000,34439,3099.51
1044,1855550.579699999885634,1264470.937500000000000,1865550.579699999885634,1254470.937500000000000,5.000000000000000,50281,4525.29
1045,1855550.579699999885634,1254470.937500000000000,1865550.579699999885634,1244470.937500000000000,2.000000000000000,17438,1569.42
1073,1865550.579699999885634,1364470.937500000000000,1875550.579699999885634,1354470.937500000000000,7.000000000000000,45409,4086.81
1074,1865550.579699999885634,1354470.937500000000000,1875550.579699999885634,1344470.937500000000000,6.000000000000000,25603,2304.27
1075,1865550.579699999885634,1344470.937500000000000,1875550.579699999885634,1334470.937500000000000,3.000000000000000,15197,1367.73
1076,1865550.579699999885634,1334470.937500000000000,1875550.579699999885634,1324470.937500000000000,8.000000000000000,17041,1533.69
1077,1865550.579699999885634,1324470.937500000000000,1875550.579699999885634,1314470.937500000000000,1.000000000000000,10296,926.64
1082,1865550.579699999885634,1274470.937500000000000,1875550.579699999885634,1264470.937500000000000,4.000000000000000,20280,1825.2
1084,1865550.579699999885634,1254470.937500000000000,1875550.579699999885634,1244470.937500000000000,2.000000000000000,16782,1510.38
1109,1875550.579699999885634,1394470.937500000000000,1885550.579699999885634,1384470.937500000000000,1.000000000000000,12183,1096.47
1110,1875550.579699999885634,1384470.937500000000000,1885550.579699999885634,1374470.937500000000000,2.000000000000000,11272,1014.48
1113,1875550.579699999885634,1354470.937500000000000,1885550.579699999885634,1344470.937500000000000,4.000000000000000,18128,1631.52
1115,1875550.579699999885634,1334470.937500000000000,1885550.579699999885634,1324470.937500000000000,1.000000000000000,18854,1696.86
1116,1875550.579699999885634,1324470.937500000000000,1885550.579699999885634,1314470.937500000000000,1.000000000000000,20176,1815.84
1117,1875550.579699999885634,1314470.937500000000000,1885550.579699999885634,1304470.937500000000000,2.000000000000000,26562,2390.58
1119,1875550.579699999885634,1294470.937500000000000,1885550.579699999885634,1284470.937500000000000,1.000000000000000,23588,2122.92
1120,1875550.579699999885634,1284470.937500000000000,1885550.579699999885634,1274470.937500000000000,1.000000000000000,27684,2491.56
1121,1875550.579699999885634,1274470.937500000000000,1885550.579699999885634,1264470.937500000000000,14.000000000000000,40531,3647.79
1122,1875550.579699999885634,1264470.937500000000000,1885550.579699999885634,1254470.937500000000000,3.000000000000000,36736,3306.24
1146,1885550.579699999885634,1414470.937500000000000,1895550.579699999885634,1404470.937500000000000,3.000000000000000,15986,1438.74
1150,1885550.579699999885634,1374470.937500000000000,1895550.579699999885634,1364470.937500000000000,3.000000000000000,10396,935.64
1151,1885550.579699999885634,1364470.937500000000000,1895550.579699999885634,1354470.937500000000000,1.000000000000000,23274,2094.66
1152,1885550.579699999885634,1354470.937500000000000,1895550.579699999885634,1344470.937500000000000,5.000000000000000,12166,1094.94
1153,1885550.579699999885634,1344470.937500000000000,1895550.579699999885634,1334470.937500000000000,8.000000000000000,6339,570.51
1154,1885550.579699999885634,1334470.937500000000000,1895550.579699999885634,1324470.937500000000000,5.000000000000000,20372,1833.48
1155,1885550.579699999885634,1324470.937500000000000,1895550.579699999885634,1314470.937500000000000,6.000000000000000,24548,2209.32
1156,1885550.579699999885634,1314470.937500000000000,1895550.579699999885634,1304470.937500000000000,19.000000000000000,25658,2309.22
1158,1885550.579699999885634,1294470.937500000000000,1895550.579699999885634,1284470.937500000000000,1.000000000000000,36442,3279.78
1159,1885550.579699999885634,1284470.937500000000000,1895550.579699999885634,1274470.937500000000000,12.000000000000000,43102,3879.18
1188,1895550.579699999885634,1384470.937500000000000,1905550.579699999885634,1374470.937500000000000,1.000000000000000,20734,1866.06
1189,1895550.579699999885634,1374470.937500000000000,1905550.579699999885634,1364470.937500000000000,1.000000000000000,16179,1456.11
1190,1895550.579699999885634,1364470.937500000000000,1905550.579699999885634,1354470.937500000000000,1.000000000000000,15887,1429.83
1191,1895550.579699999885634,1354470.937500000000000,1905550.579699999885634,1344470.937500000000000,6.000000000000000,33428,3008.52
1192,1895550.579699999885634,1344470.937500000000000,1905550.579699999885634,1334470.937500000000000,10.000000000000000,15005,1350.45
1195,1895550.579699999885634,1314470.937500000000000,1905550.579699999885634,1304470.937500000000000,15.000000000000000,32130,2891.7
1196,1895550.579699999885634,1304470.937500000000000,1905550.579699999885634,1294470.937500000000000,4.000000000000000,30857,2777.13
1197,1895550.579699999885634,1294470.937500000000000,1905550.579699999885634,1284470.937500000000000,19.000000000000000,24356,2192.04
1198,1895550.579699999885634,1284470.937500000000000,1905550.579699999885634,1274470.937500000000000,11.000000000000000,36274,3264.66
1225,1905550.579699999885634,1404470.937500000000000,1915550.579699999885634,1394470.937500000000000,2.000000000000000,36369,3273.21
1227,1905550.579699999885634,1384470.937500000000000,1915550.579699999885634,1374470.937500000000000,4.000000000000000,36286,3265.74
1228,1905550.579699999885634,1374470.937500000000000,1915550.579699999885634,1364470.937500000000000,33.000000000000000,33730,3035.7
1229,1905550.579699999885634,1364470.937500000000000,1915550.579699999885634,1354470.937500000000000,11.000000000000000,39859,3587.31
1231,1905550.579699999885634,1344470.937500000000000,1915550.579699999885634,1334470.937500000000000,17.000000000000000,34491,3104.19
1232,1905550.579699999885634,1334470.937500000000000,1915550.579699999885634,1324470.937500000000000,4.000000000000000,22379,2014.11
1233,1905550.579699999885634,1324470.937500000000000,1915550.579699999885634,1314470.937500000000000,9.000000000000000,27017,2431.53
1234,1905550.579699999885634,1314470.937500000000000,1915550.579699999885634,1304470.937500000000000,1.000000000000000,32661,2939.49
1235,1905550.579699999885634,1304470.937500000000000,1915550.579699999885634,1294470.937500000000000,80.000000000000000,31659,2849.31
1236,1905550.579699999885634,1294470.937500000000000,1915550.579699999885634,1284470.937500000000000,117.000000000000000,29416,2647.44
1237,1905550.579699999885634,1284470.937500000000000,1915550.579699999885634,1274470.937500000000000,16.000000000000000,30378,2734.02
1263,1915550.579699999885634,1414470.937500000000000,1925550.579699999885634,1404470.937500000000000,75.000000000000000,14248,1282.32
1264,1915550.579699999885634,1404470.937500000000000,1925550.579699999885634,1394470.937500000000000,55.000000000000000,30204,2718.36
1265,1915550.579699999885634,1394470.937500000000000,1925550.579699999885634,1384470.937500000000000,2.000000000000000,23229,2090.61
1266,1915550.579699999885634,1384470.937500000000000,1925550.579699999885634,1374470.937500000000000,2.000000000000000,27479,2473.11
1267,1915550.579699999885634,1374470.937500000000000,1925550.579699999885634,1364470.937500000000000,26.000000000000000,35799,3221.91
1268,1915550.579699999885634,1364470.937500000000000,1925550.579699999885634,1354470.937500000000000,11.000000000000000,30934,2784.06
1269,1915550.579699999885634,1354470.937500000000000,1925550.579699999885634,1344470.937500000000000,14.000000000000000,38980,3508.2
1270,1915550.579699999885634,1344470.937500000000000,1925550.579699999885634,1334470.937500000000000,11.000000000000000,27689,2492.01
1271,1915550.579699999885634,1334470.937500000000000,1925550.579699999885634,1324470.937500000000000,12.000000000000000,22490,2024.1
1272,1915550.579699999885634,1324470.937500000000000,1925550.579699999885634,1314470.937500000000000,1.000000000000000,15312,1378.08
1273,1915550.579699999885634,1314470.937500000000000,1925550.579699999885634,1304470.937500000000000,1.000000000000000,16056,1445.04
1274,1915550.579699999885634,1304470.937500000000000,1925550.579699999885634,1294470.937500000000000,125.000000000000000,30966,2786.94
1275,1915550.579699999885634,1294470.937500000000000,1925550.579699999885634,1284470.937500000000000,51.000000000000000,29901,2691.09
1276,1915550.579699999885634,1284470.937500000000000,1925550.579699999885634,1274470.937500000000000,101.000000000000000,13335,1200.15
1303,1925550.579699999885634,1404470.937500000000000,1935550.579699999885634,1394470.937500000000000,66.000000000000000,12347,1111.23
1304,1925550.579699999885634,1394470.937500000000000,1935550.579699999885634,1384470.937500000000000,44.000000000000000,20703,1863.27
1305,1925550.579699999885634,1384470.937500000000000,1935550.579699999885634,1374470.937500000000000,7.000000000000000,20125,1811.25
1306,1925550.579699999885634,1374470.937500000000000,1935550.579699999885634,1364470.937500000000000,11.000000000000000,23796,2141.64
1307,1925550.579699999885634,1364470.937500000000000,1935550.579699999885634,1354470.937500000000000,19.000000000000000,25127,2261.43
1308,1925550.579699999885634,1354470.937500000000000,1935550.579699999885634,1344470.937500000000000,31.000000000000000,20679,1861.11
1309,1925550.579699999885634,1344470.937500000000000,1935550.579699999885634,1334470.937500000000000,5.000000000000000,12002,1080.18
1310,1925550.579699999885634,1334470.937500000000000,1935550.579699999885634,1324470.937500000000000,6.000000000000000,5482,493.38
1311,1925550.579699999885634,1324470.937500000000000,1935550.579699999885634,1314470.937500000000000,5.000000000000000,19356,1742.04
1312,1925550.579699999885634,1314470.937500000000000,1935550.579699999885634,1304470.937500000000000,11.000000000000000,20972,1887.48
1313,1925550.579699999885634,1304470.937500000000000,1935550.579699999885634,1294470.937500000000000,49.000000000000000,41724,3755.16
1314,1925550.579699999885634,1294470.937500000000000,1935550.579699999885634,1284470.937500000000000,206.000000000000000,57053,5134.77
1315,1925550.579699999885634,1284470.937500000000000,1935550.579699999885634,1274470.937500000000000,4.000000000000000,500,45
1342,1935550.579699999885634,1404470.937500000000000,1945550.579699999885634,1394470.937500000000000,3.000000000000000,2875,258.75
1343,1935550.579699999885634,1394470.937500000000000,1945550.579699999885634,1384470.937500000000000,96.000000000000000,18355,1651.95
1344,1935550.579699999885634,1384470.937500000000000,1945550.579699999885634,1374470.937500000000000,15.000000000000000,18216,1639.44
1345,1935550.579699999885634,1374470.937500000000000,1945550.579699999885634,1364470.937500000000000,4.000000000000000,17934,1614.06
1346,1935550.579699999885634,1364470.937500000000000,1945550.579699999885634,1354470.937500000000000,11.000000000000000,45719,4114.71
1347,1935550.579699999885634,1354470.937500000000000,1945550.579699999885634,1344470.937500000000000,181.000000000000000,34953,3145.77
1348,1935550.579699999885634,1344470.937500000000000,1945550.579699999885634,1334470.937500000000000,12.000000000000000,23863,2147.67
1349,1935550.579699999885634,1334470.937500000000000,1945550.579699999885634,1324470.937500000000000,3.000000000000000,7670,690.3
1351,1935550.579699999885634,1314470.937500000000000,1945550.579699999885634,1304470.937500000000000,2.000000000000000,24346,2191.14
1352,1935550.579699999885634,1304470.937500000000000,1945550.579699999885634,1294470.937500000000000,7.000000000000000,42565,3830.85
1381,1945550.579699999885634,1404470.937500000000000,1955550.579699999885634,1394470.937500000000000,3.000000000000000,2241,201.69
1382,1945550.579699999885634,1394470.937500000000000,1955550.579699999885634,1384470.937500000000000,29.000000000000000,20651,1858.59
1384,1945550.579699999885634,1374470.937500000000000,1955550.579699999885634,1364470.937500000000000,34.000000000000000,22390,2015.1
1385,1945550.579699999885634,1364470.937500000000000,1955550.579699999885634,1354470.937500000000000,77.000000000000000,26742,2406.78
1386,1945550.579699999885634,1354470.937500000000000,1955550.579699999885634,1344470.937500000000000,13.000000000000000,59616,5365.44
1387,1945550.579699999885634,1344470.937500000000000,1955550.579699999885634,1334470.937500000000000,19.000000000000000,53096,4778.64
1388,1945550.579699999885634,1334470.937500000000000,1955550.579699999885634,1324470.937500000000000,12.000000000000000,18392,1655.28
1391,1945550.579699999885634,1304470.937500000000000,1955550.579699999885634,1294470.937500000000000,1.000000000000000,4716,424.44
1421,1955550.579699999885634,1394470.937500000000000,1965550.579699999885634,1384470.937500000000000,1.000000000000000,20295,1826.55
1423,1955550.579699999885634,1374470.937500000000000,1965550.579699999885634,1364470.937500000000000,12.000000000000000,18457,1661.13
1424,1955550.579699999885634,1364470.937500000000000,1965550.579699999885634,1354470.937500000000000,31.000000000000000,31562,2840.58
1425,1955550.579699999885634,1354470.937500000000000,1965550.579699999885634,1344470.937500000000000,2.000000000000000,34133,3071.97
1427,1955550.579699999885634,1334470.937500000000000,1965550.579699999885634,1324470.937500000000000,15.000000000000000,15938,1434.42
1428,1955550.579699999885634,1324470.937500000000000,1965550.579699999885634,1314470.937500000000000,10.000000000000000,14911,1341.99
1461,1965550.579699999885634,1384470.937500000000000,1975550.579699999885634,1374470.937500000000000,6.000000000000000,8158,734.22
1462,1965550.579699999885634,1374470.937500000000000,1975550.579699999885634,1364470.937500000000000,2.000000000000000,20517,1846.53
1463,1965550.579699999885634,1364470.937500000000000,1975550.579699999885634,1354470.937500000000000,2.000000000000000,20046,1804.14
1464,1965550.579699999885634,1354470.937500000000000,1975550.579699999885634,1344470.937500000000000,3.000000000000000,25202,2268.18
1465,1965550.579699999885634,1344470.937500000000000,1975550.579699999885634,1334470.937500000000000,4.000000000000000,19866,1787.94
1466,1965550.579699999885634,1334470.937500000000000,1975550.579699999885634,1324470.937500000000000,12.000000000000000,34472,3102.48
1500,1975550.579699999885634,1384470.937500000000000,1985550.579699999885634,1374470.937500000000000,1.000000000000000,230,20.7
1502,1975550.579699999885634,1364470.937500000000000,1985550.579699999885634,1354470.937500000000000,1.000000000000000,9642,867.78
1503,1975550.579699999885634,1354470.937500000000000,1985550.579699999885634,1344470.937500000000000,11.000000000000000,15797,1421.73
1504,1975550.579699999885634,1344470.937500000000000,1985550.579699999885634,1334470.937500000000000,8.000000000000000,16685,1501.65
1505,1975550.579699999885634,1334470.937500000000000,1985550.579699999885634,1324470.937500000000000,18.000000000000000,21469,1932.21
1541,1985550.579699999885634,1364470.937500000000000,1995550.579699999885634,1354470.937500000000000,20.000000000000000,5726,515.34
1542,1985550.579699999885634,1354470.937500000000000,1995550.579699999885634,1344470.937500000000000,23.000000000000000,5616,505.44
1543,1985550.579699999885634,1344470.937500000000000,1995550.579699999885634,1334470.937500000000000,98.000000000000000,9593,863.37
1544,1985550.579699999885634,1334470.937500000000000,1995550.579699999885634,1324470.937500000000000,17.000000000000000,51774,4659.66
1580,1995550.579699999885634,1364470.937500000000000,2005550.579699999885634,1354470.937500000000000,290.000000000000000,18442,1659.78
1581,1995550.579699999885634,1354470.937500000000000,2005550.579699999885634,1344470.937500000000000,14.000000000000000,21353,1921.77
1582,1995550.579699999885634,1344470.937500000000000,2005550.579699999885634,1334470.937500000000000,7.000000000000000,23601,2124.09
1583,1995550.579699999885634,1334470.937500000000000,2005550.579699999885634,1324470.937500000000000,14.000000000000000,66468,5982.12
1584,1995550.579699999885634,1324470.937500000000000,2005550.579699999885634,1314470.937500000000000,12.000000000000000,21917,1972.53
1619,2005550.579699999885634,1364470.937500000000000,2015550.579699999885634,1354470.937500000000000,1.000000000000000,721,64.89
1621,2005550.579699999885634,1344470.937500000000000,2015550.579699999885634,1334470.937500000000000,1.000000000000000,20634,1857.06
1622,2005550.579699999885634,1334470.937500000000000,2015550.579699999885634,1324470.937500000000000,4.000000000000000,35985,3238.65
1623,2005550.579699999885634,1324470.937500000000000,2015550.579699999885634,1314470.937500000000000,16.000000000000000,33643,3027.87
1624,2005550.579699999885634,1314470.937500000000000,2015550.579699999885634,1304470.937500000000000,2.000000000000000,3462,311.58
